INSERT INTO manufacturers(id, name, origin_country) VALUES (1, 'BMW', 'Germany') ;
INSERT INTO manufacturers(id, name, origin_country) VALUES (2, 'Toyota', 'Japan') ;
INSERT INTO manufacturers(id, name, origin_country) VALUES (3, 'Tesla', 'United States') ;

INSERT INTO series (id, manufacturer_id, name) VALUES (1, 1, 'Series 3') ;
INSERT INTO series (id, manufacturer_id, name) VALUES (2, 1, 'Series 5') ;
INSERT INTO series (id, manufacturer_id, name) VALUES (3, 1, 'Series 7') ;
INSERT INTO series (id, manufacturer_id, name) VALUES (4, 2, 'SUV') ;
INSERT INTO series (id, manufacturer_id, name) VALUES (5, 2, 'Sedan') ;
INSERT INTO series (id, manufacturer_id, name) VALUES (6, 2, 'Commercial') ;
INSERT INTO series (id, manufacturer_id, name) VALUES (7, 3, 'Series S') ;
INSERT INTO series (id, manufacturer_id, name) VALUES (8, 3, 'Series X') ;
INSERT INTO series (id, manufacturer_id, name) VALUES (9, 3, 'Series Y') ;

INSERT INTO characteristics(id, series_id, name) VALUES (1, 1, 'BMW Series 3 Characteristic 1') ;
INSERT INTO characteristics(id, series_id, name) VALUES (2, 1, 'BMW Series 3 Characteristic 2') ;
INSERT INTO characteristics(id, series_id, name) VALUES (3, 1, 'BMW Series 3 Characteristic 3') ;
INSERT INTO characteristics(id, series_id, name) VALUES (4, 1, 'BMW Series 3 Characteristic 4') ;
INSERT INTO characteristics(id, series_id, name) VALUES (5, 2, 'BMW Series 5 Characteristic 1') ;
INSERT INTO characteristics(id, series_id, name) VALUES (6, 2, 'BMW Series 5 Characteristic 2') ;
INSERT INTO characteristics(id, series_id, name) VALUES (7, 2, 'BMW Series 5 Characteristic 3') ;
INSERT INTO characteristics(id, series_id, name) VALUES (8, 23, 'BMW Series 7 Characteristic 1') ;
INSERT INTO characteristics(id, series_id, name) VALUES (9, 23, 'BMW Series 7 Characteristic 2') ;
INSERT INTO characteristics(id, series_id, name) VALUES (10, 23, 'BMW Series 7 Characteristic 3') ;
INSERT INTO characteristics(id, series_id, name) VALUES (11, 23, 'BMW Series 7 Characteristic 4') ;
INSERT INTO characteristics(id, series_id, name) VALUES (12, 23, 'BMW Series 7 Characteristic 5') ;
INSERT INTO characteristics(id, series_id, name) VALUES (13, 23, 'BMW Series 7 Characteristic 6') ;
INSERT INTO characteristics(id, series_id, name) VALUES (14, 4, 'Toyota SUV Characteristic 1') ;
INSERT INTO characteristics(id, series_id, name) VALUES (15, 4, 'Toyota SUV Characteristic 2') ;
INSERT INTO characteristics(id, series_id, name) VALUES (16, 4, 'Toyota SUV Characteristic 3') ;
INSERT INTO characteristics(id, series_id, name) VALUES (17, 5, 'Toyota Sedan Characteristic 1') ;
INSERT INTO characteristics(id, series_id, name) VALUES (18, 5, 'Toyota Sedan Characteristic 2') ;
INSERT INTO characteristics(id, series_id, name) VALUES (19, 5, 'Toyota Sedan Characteristic 3') ;
INSERT INTO characteristics(id, series_id, name) VALUES (20, 6, 'Toyota Commercial Characteristic 1') ;
INSERT INTO characteristics(id, series_id, name) VALUES (21, 6, 'Toyota Commercial Characteristic 2') ;
INSERT INTO characteristics(id, series_id, name) VALUES (22, 6, 'Toyota Commercial Characteristic 3') ;
INSERT INTO characteristics(id, series_id, name) VALUES (23, 6, 'Toyota Commercial Characteristic 4') ;
INSERT INTO characteristics(id, series_id, name) VALUES (24, 7, 'Tesla Series S Characteristic 1') ;
INSERT INTO characteristics(id, series_id, name) VALUES (25, 7, 'Tesla Series S Characteristic 2') ;
INSERT INTO characteristics(id, series_id, name) VALUES (26, 7, 'Tesla Series S Characteristic 3') ;
INSERT INTO characteristics(id, series_id, name) VALUES (27, 7, 'Tesla Series S Characteristic 4') ;
INSERT INTO characteristics(id, series_id, name) VALUES (28, 8, 'Tesla Series X Characteristic 1') ;
INSERT INTO characteristics(id, series_id, name) VALUES (29, 8, 'Tesla Series X Characteristic 2') ;
INSERT INTO characteristics(id, series_id, name) VALUES (30, 8, 'Tesla Series X Characteristic 3') ;
INSERT INTO characteristics(id, series_id, name) VALUES (31, 8, 'Tesla Series X Characteristic 4') ;
INSERT INTO characteristics(id, series_id, name) VALUES (32, 9, 'Tesla Series Y Characteristic 1') ;
INSERT INTO characteristics(id, series_id, name) VALUES (33, 9, 'Tesla Series Y Characteristic 2') ;




INSERT INTO engines( description, horse_power, torque, capacity_cc) VALUES ( 'BMW Series 3 Engine YEYiNg', '202', '420', '1998') ;
INSERT INTO engines( description, horse_power, torque, capacity_cc) VALUES ( 'BMW Series 3 Engine cnrGbO', '202', '420', '1998') ;
INSERT INTO engines( description, horse_power, torque, capacity_cc) VALUES ( 'BMW Series 3 Engine zteZCC', '202', '420', '1998') ;
INSERT INTO engines( description, horse_power, torque, capacity_cc) VALUES ( 'BMW Series 5 Engine MJSELs', '202', '420', '1998') ;
INSERT INTO engines( description, horse_power, torque, capacity_cc) VALUES ( 'BMW Series 5 Engine vEWSHr', '202', '420', '1998') ;
INSERT INTO engines( description, horse_power, torque, capacity_cc) VALUES ( 'BMW Series 7 Engine SerLBu', '210', '450', '2150') ;
INSERT INTO engines( description, horse_power, torque, capacity_cc) VALUES ( 'BMW Series 7 Engine YNVCcC', '210', '450', '2150') ;
INSERT INTO engines( description, horse_power, torque, capacity_cc) VALUES ( 'BMW Series 3 Engine XVvume', '202', '420', '1998') ;
INSERT INTO engines( description, horse_power, torque, capacity_cc) VALUES ( 'BMW Series 3 Engine TQOKLi', '202', '420', '1998') ;
INSERT INTO engines( description, horse_power, torque, capacity_cc) VALUES ( 'BMW Series 3 Engine IBVtDc', '202', '420', '1998') ;
INSERT INTO engines( description, horse_power, torque, capacity_cc) VALUES ( 'BMW Series 5 Engine tdnIqt', '202', '420', '1998') ;
INSERT INTO engines( description, horse_power, torque, capacity_cc) VALUES ( 'BMW Series 5 Engine nwocHk', '202', '420', '1998') ;
INSERT INTO engines( description, horse_power, torque, capacity_cc) VALUES ( 'BMW Series 7 Engine CAIroQ', '210', '450', '2150') ;
INSERT INTO engines( description, horse_power, torque, capacity_cc) VALUES ( 'BMW Series 7 Engine IykGeH', '210', '450', '2150') ;
INSERT INTO engines( description, horse_power, torque, capacity_cc) VALUES ( 'BMW Series 3 Engine vXnuFV', '202', '420', '1998') ;
INSERT INTO engines( description, horse_power, torque, capacity_cc) VALUES ( 'BMW Series 3 Engine BfxyQB', '202', '420', '1998') ;
INSERT INTO engines( description, horse_power, torque, capacity_cc) VALUES ( 'BMW Series 3 Engine uuBtuR', '202', '420', '1998') ;
INSERT INTO engines( description, horse_power, torque, capacity_cc) VALUES ( 'BMW Series 5 Engine QAsTLB', '202', '420', '1998') ;
INSERT INTO engines( description, horse_power, torque, capacity_cc) VALUES ( 'BMW Series 5 Engine elqHgi', '202', '420', '1998') ;
INSERT INTO engines( description, horse_power, torque, capacity_cc) VALUES ( 'BMW Series 7 Engine EXpOAD', '210', '450', '2150') ;
INSERT INTO engines( description, horse_power, torque, capacity_cc) VALUES ( 'BMW Series 7 Engine WiKiFj', '210', '450', '2150') ;
INSERT INTO engines( description, horse_power, torque, capacity_cc) VALUES ( 'BMW Series 3 Engine gyEdoN', '202', '420', '1998') ;
INSERT INTO engines( description, horse_power, torque, capacity_cc) VALUES ( 'BMW Series 3 Engine WRavLj', '202', '420', '1998') ;
INSERT INTO engines( description, horse_power, torque, capacity_cc) VALUES ( 'BMW Series 3 Engine UnmQVj', '202', '420', '1998') ;
INSERT INTO engines( description, horse_power, torque, capacity_cc) VALUES ( 'BMW Series 5 Engine aPYltU', '202', '420', '1998') ;
INSERT INTO engines( description, horse_power, torque, capacity_cc) VALUES ( 'BMW Series 5 Engine tNxhVO', '202', '420', '1998') ;
INSERT INTO engines( description, horse_power, torque, capacity_cc) VALUES ( 'BMW Series 7 Engine IvvydC', '210', '450', '2150') ;
INSERT INTO engines( description, horse_power, torque, capacity_cc) VALUES ( 'BMW Series 7 Engine RrmgEA', '210', '450', '2150') ;
INSERT INTO engines( description, horse_power, torque, capacity_cc) VALUES ( 'BMW Series 3 Engine BmSQEr', '202', '420', '1998') ;
INSERT INTO engines( description, horse_power, torque, capacity_cc) VALUES ( 'BMW Series 3 Engine gkyOIz', '202', '420', '1998') ;
INSERT INTO engines( description, horse_power, torque, capacity_cc) VALUES ( 'BMW Series 3 Engine WoGckA', '202', '420', '1998') ;
INSERT INTO engines( description, horse_power, torque, capacity_cc) VALUES ( 'BMW Series 5 Engine WHTlIU', '202', '420', '1998') ;
INSERT INTO engines( description, horse_power, torque, capacity_cc) VALUES ( 'BMW Series 5 Engine zjzYbR', '202', '420', '1998') ;
INSERT INTO engines( description, horse_power, torque, capacity_cc) VALUES ( 'BMW Series 7 Engine RecUze', '210', '450', '2150') ;
INSERT INTO engines( description, horse_power, torque, capacity_cc) VALUES ( 'BMW Series 7 Engine Hcbrfu', '210', '450', '2150') ;
INSERT INTO engines( description, horse_power, torque, capacity_cc) VALUES ( 'BMW Series 3 Engine GrJXFI', '202', '420', '1998') ;
INSERT INTO engines( description, horse_power, torque, capacity_cc) VALUES ( 'BMW Series 3 Engine LbDKAC', '202', '420', '1998') ;
INSERT INTO engines( description, horse_power, torque, capacity_cc) VALUES ( 'BMW Series 3 Engine XelaUx', '202', '420', '1998') ;
INSERT INTO engines( description, horse_power, torque, capacity_cc) VALUES ( 'BMW Series 5 Engine umRkKb', '202', '420', '1998') ;
INSERT INTO engines( description, horse_power, torque, capacity_cc) VALUES ( 'BMW Series 5 Engine wVGHma', '202', '420', '1998') ;
INSERT INTO engines( description, horse_power, torque, capacity_cc) VALUES ( 'BMW Series 7 Engine LvBqBF', '210', '450', '2150') ;
INSERT INTO engines( description, horse_power, torque, capacity_cc) VALUES ( 'BMW Series 7 Engine weinYR', '210', '450', '2150') ;
INSERT INTO engines( description, horse_power, torque, capacity_cc) VALUES ( 'BMW Series 3 Engine uVvLjw', '202', '420', '1998') ;
INSERT INTO engines( description, horse_power, torque, capacity_cc) VALUES ( 'BMW Series 3 Engine plNEFd', '202', '420', '1998') ;
INSERT INTO engines( description, horse_power, torque, capacity_cc) VALUES ( 'BMW Series 3 Engine oBOQXe', '202', '420', '1998') ;
INSERT INTO engines( description, horse_power, torque, capacity_cc) VALUES ( 'BMW Series 5 Engine AokVXr', '202', '420', '1998') ;
INSERT INTO engines( description, horse_power, torque, capacity_cc) VALUES ( 'BMW Series 5 Engine zQMHXG', '202', '420', '1998') ;
INSERT INTO engines( description, horse_power, torque, capacity_cc) VALUES ( 'BMW Series 7 Engine mcJiQB', '210', '450', '2150') ;
INSERT INTO engines( description, horse_power, torque, capacity_cc) VALUES ( 'BMW Series 7 Engine lAfSVm', '210', '450', '2150') ;
INSERT INTO engines( description, horse_power, torque, capacity_cc) VALUES ( 'BMW Series 3 Engine xkrRvA', '202', '420', '1998') ;
INSERT INTO engines( description, horse_power, torque, capacity_cc) VALUES ( 'BMW Series 3 Engine LkmYqD', '202', '420', '1998') ;
INSERT INTO engines( description, horse_power, torque, capacity_cc) VALUES ( 'BMW Series 3 Engine hCXGnr', '202', '420', '1998') ;
INSERT INTO engines( description, horse_power, torque, capacity_cc) VALUES ( 'BMW Series 5 Engine UbgRCZ', '202', '420', '1998') ;
INSERT INTO engines( description, horse_power, torque, capacity_cc) VALUES ( 'BMW Series 5 Engine HXrfjL', '202', '420', '1998') ;
INSERT INTO engines( description, horse_power, torque, capacity_cc) VALUES ( 'BMW Series 7 Engine BVqWrp', '210', '450', '2150') ;
INSERT INTO engines( description, horse_power, torque, capacity_cc) VALUES ( 'BMW Series 7 Engine bibybB', '210', '450', '2150') ;
INSERT INTO engines( description, horse_power, torque, capacity_cc) VALUES ( 'BMW Series 3 Engine NZzfaM', '202', '420', '1998') ;
INSERT INTO engines( description, horse_power, torque, capacity_cc) VALUES ( 'BMW Series 3 Engine bwcGcM', '202', '420', '1998') ;
INSERT INTO engines( description, horse_power, torque, capacity_cc) VALUES ( 'BMW Series 3 Engine VrKsVm', '202', '420', '1998') ;
INSERT INTO engines( description, horse_power, torque, capacity_cc) VALUES ( 'BMW Series 5 Engine pnCGAf', '202', '420', '1998') ;
INSERT INTO engines( description, horse_power, torque, capacity_cc) VALUES ( 'BMW Series 5 Engine QxGJQa', '202', '420', '1998') ;
INSERT INTO engines( description, horse_power, torque, capacity_cc) VALUES ( 'BMW Series 7 Engine BWzKob', '210', '450', '2150') ;
INSERT INTO engines( description, horse_power, torque, capacity_cc) VALUES ( 'BMW Series 7 Engine McTiuD', '210', '450', '2150') ;
INSERT INTO engines( description, horse_power, torque, capacity_cc) VALUES ( 'BMW Series 3 Engine vMDCde', '202', '420', '1998') ;
INSERT INTO engines( description, horse_power, torque, capacity_cc) VALUES ( 'BMW Series 3 Engine bFdifH', '202', '420', '1998') ;
INSERT INTO engines( description, horse_power, torque, capacity_cc) VALUES ( 'BMW Series 3 Engine IoQoNm', '202', '420', '1998') ;
INSERT INTO engines( description, horse_power, torque, capacity_cc) VALUES ( 'BMW Series 5 Engine DoZjKV', '202', '420', '1998') ;
INSERT INTO engines( description, horse_power, torque, capacity_cc) VALUES ( 'BMW Series 5 Engine PjRNod', '202', '420', '1998') ;
INSERT INTO engines( description, horse_power, torque, capacity_cc) VALUES ( 'BMW Series 7 Engine hFEjBI', '210', '450', '2150') ;
INSERT INTO engines( description, horse_power, torque, capacity_cc) VALUES ( 'BMW Series 7 Engine nNGDeb', '210', '450', '2150') ;
INSERT INTO engines( description, horse_power, torque, capacity_cc) VALUES ( 'BMW Series 3 Engine cmQDKa', '202', '420', '1998') ;
INSERT INTO engines( description, horse_power, torque, capacity_cc) VALUES ( 'BMW Series 3 Engine UcoQxW', '202', '420', '1998') ;
INSERT INTO engines( description, horse_power, torque, capacity_cc) VALUES ( 'BMW Series 3 Engine BQLZhC', '202', '420', '1998') ;
INSERT INTO engines( description, horse_power, torque, capacity_cc) VALUES ( 'BMW Series 5 Engine RBvSDX', '202', '420', '1998') ;
INSERT INTO engines( description, horse_power, torque, capacity_cc) VALUES ( 'BMW Series 5 Engine WCGGNn', '202', '420', '1998') ;
INSERT INTO engines( description, horse_power, torque, capacity_cc) VALUES ( 'BMW Series 7 Engine jbmgHf', '210', '450', '2150') ;
INSERT INTO engines( description, horse_power, torque, capacity_cc) VALUES ( 'BMW Series 7 Engine PugBux', '210', '450', '2150') ;
INSERT INTO engines( description, horse_power, torque, capacity_cc) VALUES ( 'BMW Series 3 Engine BFFjvg', '202', '420', '1998') ;
INSERT INTO engines( description, horse_power, torque, capacity_cc) VALUES ( 'BMW Series 3 Engine bhJczf', '202', '420', '1998') ;
INSERT INTO engines( description, horse_power, torque, capacity_cc) VALUES ( 'BMW Series 3 Engine IpuJTC', '202', '420', '1998') ;
INSERT INTO engines( description, horse_power, torque, capacity_cc) VALUES ( 'BMW Series 5 Engine dWvPmr', '202', '420', '1998') ;
INSERT INTO engines( description, horse_power, torque, capacity_cc) VALUES ( 'BMW Series 5 Engine MchNrM', '202', '420', '1998') ;
INSERT INTO engines( description, horse_power, torque, capacity_cc) VALUES ( 'BMW Series 7 Engine vPgmIW', '210', '450', '2150') ;
INSERT INTO engines( description, horse_power, torque, capacity_cc) VALUES ( 'BMW Series 7 Engine rUmovg', '210', '450', '2150') ;
INSERT INTO engines( description, horse_power, torque, capacity_cc) VALUES ( 'Toyota SUV Engine yPkhJd', '199', '414', '1998') ;
INSERT INTO engines( description, horse_power, torque, capacity_cc) VALUES ( 'Toyota SUV Engine UBDIAE', '199', '414', '1998') ;
INSERT INTO engines( description, horse_power, torque, capacity_cc) VALUES ( 'Toyota SUV Engine YgVcVT', '199', '414', '1998') ;
INSERT INTO engines( description, horse_power, torque, capacity_cc) VALUES ( 'Toyota SUV Engine RNXzmk', '199', '414', '1998') ;
INSERT INTO engines( description, horse_power, torque, capacity_cc) VALUES ( 'Toyota SUV Engine PjQiZg', '199', '414', '1998') ;
INSERT INTO engines( description, horse_power, torque, capacity_cc) VALUES ( 'Toyota SUV Engine lsQQUU', '199', '414', '1998') ;
INSERT INTO engines( description, horse_power, torque, capacity_cc) VALUES ( 'Toyota SUV Engine mEMwRW', '199', '414', '1998') ;
INSERT INTO engines( description, horse_power, torque, capacity_cc) VALUES ( 'Toyota SUV Engine rhOlFT', '199', '414', '1998') ;
INSERT INTO engines( description, horse_power, torque, capacity_cc) VALUES ( 'Toyota SUV Engine tlxQas', '199', '414', '1998') ;
INSERT INTO engines( description, horse_power, torque, capacity_cc) VALUES ( 'Toyota SUV Engine PIVPEY', '199', '414', '1998') ;
INSERT INTO engines( description, horse_power, torque, capacity_cc) VALUES ( 'Toyota SUV Engine gfYnQB', '199', '414', '1998') ;
INSERT INTO engines( description, horse_power, torque, capacity_cc) VALUES ( 'Toyota SUV Engine EfNfmK', '199', '414', '1998') ;
INSERT INTO engines( description, horse_power, torque, capacity_cc) VALUES ( 'Toyota SUV Engine cljBSi', '199', '414', '1998') ;
INSERT INTO engines( description, horse_power, torque, capacity_cc) VALUES ( 'Toyota SUV Engine iDqtJX', '199', '414', '1998') ;
INSERT INTO engines( description, horse_power, torque, capacity_cc) VALUES ( 'Toyota SUV Engine MIhMTF', '199', '414', '1998') ;
INSERT INTO engines( description, horse_power, torque, capacity_cc) VALUES ( 'Toyota SUV Engine YnYJHE', '199', '414', '1998') ;
INSERT INTO engines( description, horse_power, torque, capacity_cc) VALUES ( 'Toyota SUV Engine YqywvU', '199', '414', '1998') ;
INSERT INTO engines( description, horse_power, torque, capacity_cc) VALUES ( 'Toyota SUV Engine ahUSgq', '199', '414', '1998') ;
INSERT INTO engines( description, horse_power, torque, capacity_cc) VALUES ( 'Toyota SUV Engine vZRqrV', '199', '414', '1998') ;
INSERT INTO engines( description, horse_power, torque, capacity_cc) VALUES ( 'Toyota SUV Engine CRGnej', '199', '414', '1998') ;
INSERT INTO engines( description, horse_power, torque, capacity_cc) VALUES ( 'Toyota SUV Engine cWOIiB', '199', '414', '1998') ;
INSERT INTO engines( description, horse_power, torque, capacity_cc) VALUES ( 'Toyota SUV Engine IOOJAb', '199', '414', '1998') ;
INSERT INTO engines( description, horse_power, torque, capacity_cc) VALUES ( 'Toyota SUV Engine GfgcIs', '199', '414', '1998') ;
INSERT INTO engines( description, horse_power, torque, capacity_cc) VALUES ( 'Toyota SUV Engine YPLuhC', '199', '414', '1998') ;
INSERT INTO engines( description, horse_power, torque, capacity_cc) VALUES ( 'Toyota SUV Engine xhvQpI', '199', '414', '1998') ;
INSERT INTO engines( description, horse_power, torque, capacity_cc) VALUES ( 'Toyota SUV Engine VMzUfi', '199', '414', '1998') ;
INSERT INTO engines( description, horse_power, torque, capacity_cc) VALUES ( 'Toyota SUV Engine BKAnvm', '199', '414', '1998') ;
INSERT INTO engines( description, horse_power, torque, capacity_cc) VALUES ( 'Toyota SUV Engine IrbxXK', '199', '414', '1998') ;
INSERT INTO engines( description, horse_power, torque, capacity_cc) VALUES ( 'Toyota SUV Engine BeTXKO', '199', '414', '1998') ;
INSERT INTO engines( description, horse_power, torque, capacity_cc) VALUES ( 'Toyota SUV Engine OMXNZV', '199', '414', '1998') ;
INSERT INTO engines( description, horse_power, torque, capacity_cc) VALUES ( 'Toyota Sedan Engine FMWeaR', '195', '405', '1998') ;
INSERT INTO engines( description, horse_power, torque, capacity_cc) VALUES ( 'Toyota Sedan Engine IAFCVW', '195', '405', '1998') ;
INSERT INTO engines( description, horse_power, torque, capacity_cc) VALUES ( 'Toyota Sedan Engine lFZkJN', '195', '405', '1998') ;
INSERT INTO engines( description, horse_power, torque, capacity_cc) VALUES ( 'Toyota Sedan Engine kSkPFb', '195', '405', '1998') ;
INSERT INTO engines( description, horse_power, torque, capacity_cc) VALUES ( 'Toyota Sedan Engine TShxCY', '195', '405', '1998') ;
INSERT INTO engines( description, horse_power, torque, capacity_cc) VALUES ( 'Toyota Sedan Engine ufItSG', '195', '405', '1998') ;
INSERT INTO engines( description, horse_power, torque, capacity_cc) VALUES ( 'Toyota Sedan Engine mZYxDq', '195', '405', '1998') ;
INSERT INTO engines( description, horse_power, torque, capacity_cc) VALUES ( 'Toyota Sedan Engine vceZZY', '195', '405', '1998') ;
INSERT INTO engines( description, horse_power, torque, capacity_cc) VALUES ( 'Toyota Sedan Engine AcjaWU', '195', '405', '1998') ;
INSERT INTO engines( description, horse_power, torque, capacity_cc) VALUES ( 'Toyota Sedan Engine ykwwwi', '195', '405', '1998') ;
INSERT INTO engines( description, horse_power, torque, capacity_cc) VALUES ( 'Toyota Sedan Engine CvpndX', '195', '405', '1998') ;
INSERT INTO engines( description, horse_power, torque, capacity_cc) VALUES ( 'Toyota Sedan Engine XWdSNj', '195', '405', '1998') ;
INSERT INTO engines( description, horse_power, torque, capacity_cc) VALUES ( 'Toyota Sedan Engine qErKgk', '195', '405', '1998') ;
INSERT INTO engines( description, horse_power, torque, capacity_cc) VALUES ( 'Toyota Sedan Engine saVivE', '195', '405', '1998') ;
INSERT INTO engines( description, horse_power, torque, capacity_cc) VALUES ( 'Toyota Sedan Engine lWefyy', '195', '405', '1998') ;
INSERT INTO engines( description, horse_power, torque, capacity_cc) VALUES ( 'Toyota Sedan Engine nXEmrk', '195', '405', '1998') ;
INSERT INTO engines( description, horse_power, torque, capacity_cc) VALUES ( 'Toyota Sedan Engine YuDbEC', '195', '405', '1998') ;
INSERT INTO engines( description, horse_power, torque, capacity_cc) VALUES ( 'Toyota Sedan Engine SxLDcc', '195', '405', '1998') ;
INSERT INTO engines( description, horse_power, torque, capacity_cc) VALUES ( 'Toyota Commercial Engine WrjXNf', '188', '400', '1998') ;
INSERT INTO engines( description, horse_power, torque, capacity_cc) VALUES ( 'Toyota Commercial Engine aqtYbT', '188', '400', '1998') ;
INSERT INTO engines( description, horse_power, torque, capacity_cc) VALUES ( 'Toyota Commercial Engine bWaexp', '188', '400', '1998') ;
INSERT INTO engines( description, horse_power, torque, capacity_cc) VALUES ( 'Toyota Commercial Engine lPCExi', '188', '400', '1998') ;
INSERT INTO engines( description, horse_power, torque, capacity_cc) VALUES ( 'Tesla Series S Engine iYmVPA', '249', '482', '0') ;
INSERT INTO engines( description, horse_power, torque, capacity_cc) VALUES ( 'Tesla Series S Engine wtFJGs', '249', '482', '0') ;
INSERT INTO engines( description, horse_power, torque, capacity_cc) VALUES ( 'Tesla Series S Engine ufUPqi', '249', '482', '0') ;
INSERT INTO engines( description, horse_power, torque, capacity_cc) VALUES ( 'Tesla Series S Engine EmADpN', '249', '482', '0') ;
INSERT INTO engines( description, horse_power, torque, capacity_cc) VALUES ( 'Tesla Series S Engine YpJodX', '249', '482', '0') ;
INSERT INTO engines( description, horse_power, torque, capacity_cc) VALUES ( 'Tesla Series S Engine qOpdcu', '249', '482', '0') ;
INSERT INTO engines( description, horse_power, torque, capacity_cc) VALUES ( 'Tesla Series S Engine UsAPPD', '249', '482', '0') ;
INSERT INTO engines( description, horse_power, torque, capacity_cc) VALUES ( 'Tesla Series S Engine eDYYyv', '249', '482', '0') ;
INSERT INTO engines( description, horse_power, torque, capacity_cc) VALUES ( 'Tesla Series Y Engine PHwxjU', '249', '482', '0') ;
INSERT INTO engines( description, horse_power, torque, capacity_cc) VALUES ( 'Tesla Series Y Engine MaymzH', '249', '482', '0') ;
INSERT INTO engines( description, horse_power, torque, capacity_cc) VALUES ( 'Tesla Series Y Engine VBIMnj', '249', '482', '0') ;
INSERT INTO engines( description, horse_power, torque, capacity_cc) VALUES ( 'Tesla Series Y Engine SbjGtQ', '249', '482', '0') ;
INSERT INTO engines( description, horse_power, torque, capacity_cc) VALUES ( 'Tesla Series Y Engine vajnYq', '249', '482', '0') ;
INSERT INTO engines( description, horse_power, torque, capacity_cc) VALUES ( 'Tesla Series Y Engine IJsDCW', '249', '482', '0') ;
INSERT INTO engines( description, horse_power, torque, capacity_cc) VALUES ( 'Tesla Series Y Engine eBheJf', '249', '482', '0') ;
INSERT INTO engines( description, horse_power, torque, capacity_cc) VALUES ( 'Tesla Series Y Engine ICILDX', '249', '482', '0') ;
INSERT INTO engines( description, horse_power, torque, capacity_cc) VALUES ( 'Tesla Series Y Engine hGTuql', '249', '482', '0') ;
INSERT INTO engines( description, horse_power, torque, capacity_cc) VALUES ( 'Tesla Series Y Engine bYDgQf', '249', '482', '0') ;
INSERT INTO engines( description, horse_power, torque, capacity_cc) VALUES ( 'Tesla Series Y Engine CQkomE', '249', '482', '0') ;
INSERT INTO engines( description, horse_power, torque, capacity_cc) VALUES ( 'Tesla Series Y Engine qazzGq', '249', '482', '0') ;
INSERT INTO engines( description, horse_power, torque, capacity_cc) VALUES ( 'Tesla Series X Engine OijCTE', '249', '482', '0') ;
INSERT INTO engines( description, horse_power, torque, capacity_cc) VALUES ( 'Tesla Series X Engine FqxaAd', '249', '482', '0') ;
INSERT INTO engines( description, horse_power, torque, capacity_cc) VALUES ( 'Tesla Series X Engine pbbZIk', '249', '482', '0') ;
INSERT INTO engines( description, horse_power, torque, capacity_cc) VALUES ( 'Tesla Series X Engine TTLWFl', '249', '482', '0') ;

INSERT INTO models( series_id, engine_id, name, on_the_road_price, length_mm, width_mm, height_mm, exterior_color, interior_color, release_year, transmission, body_type, fuel, doors, airbags, is_available) VALUES (2,1,'320i Dynamic','59200','4709','1828','1435','Black','Black','2023','MANUAL','SEDAN','GAS','4','6',true) ;
INSERT INTO models( series_id, engine_id, name, on_the_road_price, length_mm, width_mm, height_mm, exterior_color, interior_color, release_year, transmission, body_type, fuel, doors, airbags, is_available) VALUES (2,2,'320i Dynamic','60400','4709','1828','1435','Black','Black','2023','AUTOMATIC','SEDAN','GAS','4','6',true) ;
INSERT INTO models( series_id, engine_id, name, on_the_road_price, length_mm, width_mm, height_mm, exterior_color, interior_color, release_year, transmission, body_type, fuel, doors, airbags, is_available) VALUES (2,3,'320i Dynamic','59200','4709','1828','1435','Alpine White','Black','2023','MANUAL','SEDAN','GAS','4','6',true) ;
INSERT INTO models( series_id, engine_id, name, on_the_road_price, length_mm, width_mm, height_mm, exterior_color, interior_color, release_year, transmission, body_type, fuel, doors, airbags, is_available) VALUES (2,4,'320i Dynamic','60400','4709','1828','1435','Alpine White','Black','2023','AUTOMATIC','SEDAN','GAS','4','6',true) ;
INSERT INTO models( series_id, engine_id, name, on_the_road_price, length_mm, width_mm, height_mm, exterior_color, interior_color, release_year, transmission, body_type, fuel, doors, airbags, is_available) VALUES (2,5,'320i Dynamic','59200','4709','1828','1435','Mineral Grey Metallic','Black','2023','MANUAL','SEDAN','GAS','4','6',true) ;
INSERT INTO models( series_id, engine_id, name, on_the_road_price, length_mm, width_mm, height_mm, exterior_color, interior_color, release_year, transmission, body_type, fuel, doors, airbags, is_available) VALUES (2,6,'320i Dynamic','60400','4709','1828','1435','Mineral Grey Metallic','Black','2023','AUTOMATIC','SEDAN','GAS','4','6',true) ;
INSERT INTO models( series_id, engine_id, name, on_the_road_price, length_mm, width_mm, height_mm, exterior_color, interior_color, release_year, transmission, body_type, fuel, doors, airbags, is_available) VALUES (2,7,'320i Dynamic','59200','4709','1828','1435','Black','Brown','2023','MANUAL','SEDAN','GAS','4','6',true) ;
INSERT INTO models( series_id, engine_id, name, on_the_road_price, length_mm, width_mm, height_mm, exterior_color, interior_color, release_year, transmission, body_type, fuel, doors, airbags, is_available) VALUES (2,8,'320i Dynamic','60400','4709','1828','1435','Black','Brown','2023','AUTOMATIC','SEDAN','GAS','4','6',true) ;
INSERT INTO models( series_id, engine_id, name, on_the_road_price, length_mm, width_mm, height_mm, exterior_color, interior_color, release_year, transmission, body_type, fuel, doors, airbags, is_available) VALUES (2,9,'320i Dynamic','59200','4709','1828','1435','Alpine White','Brown','2023','MANUAL','SEDAN','GAS','4','6',true) ;
INSERT INTO models( series_id, engine_id, name, on_the_road_price, length_mm, width_mm, height_mm, exterior_color, interior_color, release_year, transmission, body_type, fuel, doors, airbags, is_available) VALUES (2,10,'320i Dynamic','60400','4709','1828','1435','Alpine White','Brown','2023','AUTOMATIC','SEDAN','GAS','4','6',true) ;
INSERT INTO models( series_id, engine_id, name, on_the_road_price, length_mm, width_mm, height_mm, exterior_color, interior_color, release_year, transmission, body_type, fuel, doors, airbags, is_available) VALUES (2,11,'320i Dynamic','59200','4709','1828','1435','Mineral Grey Metallic','Brown','2023','MANUAL','SEDAN','GAS','4','6',true) ;
INSERT INTO models( series_id, engine_id, name, on_the_road_price, length_mm, width_mm, height_mm, exterior_color, interior_color, release_year, transmission, body_type, fuel, doors, airbags, is_available) VALUES (2,12,'320i Dynamic','60400','4709','1828','1435','Mineral Grey Metallic','Brown','2023','AUTOMATIC','SEDAN','GAS','4','6',true) ;
INSERT INTO models( series_id, engine_id, name, on_the_road_price, length_mm, width_mm, height_mm, exterior_color, interior_color, release_year, transmission, body_type, fuel, doors, airbags, is_available) VALUES (2,13,'320i Sport','65600','4709','1828','1435','Black','Black','2023','MANUAL','SEDAN','GAS','4','6',true) ;
INSERT INTO models( series_id, engine_id, name, on_the_road_price, length_mm, width_mm, height_mm, exterior_color, interior_color, release_year, transmission, body_type, fuel, doors, airbags, is_available) VALUES (2,14,'320i Sport','66800','4709','1828','1435','Black','Black','2023','AUTOMATIC','SEDAN','GAS','4','6',true) ;
INSERT INTO models( series_id, engine_id, name, on_the_road_price, length_mm, width_mm, height_mm, exterior_color, interior_color, release_year, transmission, body_type, fuel, doors, airbags, is_available) VALUES (2,15,'320i Sport','65600','4709','1828','1435','Alpine White','Black','2023','MANUAL','SEDAN','GAS','4','6',true) ;
INSERT INTO models( series_id, engine_id, name, on_the_road_price, length_mm, width_mm, height_mm, exterior_color, interior_color, release_year, transmission, body_type, fuel, doors, airbags, is_available) VALUES (2,16,'320i Sport','66800','4709','1828','1435','Alpine White','Black','2023','AUTOMATIC','SEDAN','GAS','4','6',true) ;
INSERT INTO models( series_id, engine_id, name, on_the_road_price, length_mm, width_mm, height_mm, exterior_color, interior_color, release_year, transmission, body_type, fuel, doors, airbags, is_available) VALUES (2,17,'320i Sport','65600','4709','1828','1435','Mineral Grey Metallic','Black','2023','MANUAL','SEDAN','GAS','4','6',true) ;
INSERT INTO models( series_id, engine_id, name, on_the_road_price, length_mm, width_mm, height_mm, exterior_color, interior_color, release_year, transmission, body_type, fuel, doors, airbags, is_available) VALUES (2,18,'320i Sport','66800','4709','1828','1435','Mineral Grey Metallic','Black','2023','AUTOMATIC','SEDAN','GAS','4','6',true) ;
INSERT INTO models( series_id, engine_id, name, on_the_road_price, length_mm, width_mm, height_mm, exterior_color, interior_color, release_year, transmission, body_type, fuel, doors, airbags, is_available) VALUES (2,19,'320i Sport','65600','4709','1828','1435','Black','Brown','2023','MANUAL','SEDAN','GAS','4','6',true) ;
INSERT INTO models( series_id, engine_id, name, on_the_road_price, length_mm, width_mm, height_mm, exterior_color, interior_color, release_year, transmission, body_type, fuel, doors, airbags, is_available) VALUES (2,20,'320i Sport','66800','4709','1828','1435','Black','Brown','2023','AUTOMATIC','SEDAN','GAS','4','6',true) ;
INSERT INTO models( series_id, engine_id, name, on_the_road_price, length_mm, width_mm, height_mm, exterior_color, interior_color, release_year, transmission, body_type, fuel, doors, airbags, is_available) VALUES (2,21,'320i Sport','65600','4709','1828','1435','Alpine White','Brown','2023','MANUAL','SEDAN','GAS','4','6',true) ;
INSERT INTO models( series_id, engine_id, name, on_the_road_price, length_mm, width_mm, height_mm, exterior_color, interior_color, release_year, transmission, body_type, fuel, doors, airbags, is_available) VALUES (2,22,'320i Sport','66800','4709','1828','1435','Alpine White','Brown','2023','AUTOMATIC','SEDAN','GAS','4','6',true) ;
INSERT INTO models( series_id, engine_id, name, on_the_road_price, length_mm, width_mm, height_mm, exterior_color, interior_color, release_year, transmission, body_type, fuel, doors, airbags, is_available) VALUES (2,23,'320i Sport','65600','4709','1828','1435','Mineral Grey Metallic','Brown','2023','MANUAL','SEDAN','GAS','4','6',true) ;
INSERT INTO models( series_id, engine_id, name, on_the_road_price, length_mm, width_mm, height_mm, exterior_color, interior_color, release_year, transmission, body_type, fuel, doors, airbags, is_available) VALUES (2,24,'320i Sport','66800','4709','1828','1435','Mineral Grey Metallic','Brown','2023','AUTOMATIC','SEDAN','GAS','4','6',true) ;
INSERT INTO models( series_id, engine_id, name, on_the_road_price, length_mm, width_mm, height_mm, exterior_color, interior_color, release_year, transmission, body_type, fuel, doors, airbags, is_available) VALUES (2,25,'330i M Sport','71800','4709','1828','1435','Black','Black','2023','MANUAL','SEDAN','GAS','4','6',true) ;
INSERT INTO models( series_id, engine_id, name, on_the_road_price, length_mm, width_mm, height_mm, exterior_color, interior_color, release_year, transmission, body_type, fuel, doors, airbags, is_available) VALUES (2,26,'330i M Sport','73000','4709','1828','1435','Black','Black','2023','AUTOMATIC','SEDAN','GAS','4','6',true) ;
INSERT INTO models( series_id, engine_id, name, on_the_road_price, length_mm, width_mm, height_mm, exterior_color, interior_color, release_year, transmission, body_type, fuel, doors, airbags, is_available) VALUES (2,27,'330i M Sport','71800','4709','1828','1435','Alpine White','Black','2023','MANUAL','SEDAN','GAS','4','6',true) ;
INSERT INTO models( series_id, engine_id, name, on_the_road_price, length_mm, width_mm, height_mm, exterior_color, interior_color, release_year, transmission, body_type, fuel, doors, airbags, is_available) VALUES (2,28,'330i M Sport','73000','4709','1828','1435','Alpine White','Black','2023','AUTOMATIC','SEDAN','GAS','4','6',true) ;
INSERT INTO models( series_id, engine_id, name, on_the_road_price, length_mm, width_mm, height_mm, exterior_color, interior_color, release_year, transmission, body_type, fuel, doors, airbags, is_available) VALUES (2,29,'330i M Sport','71800','4709','1828','1435','Mineral Grey Metallic','Black','2023','MANUAL','SEDAN','GAS','4','6',true) ;
INSERT INTO models( series_id, engine_id, name, on_the_road_price, length_mm, width_mm, height_mm, exterior_color, interior_color, release_year, transmission, body_type, fuel, doors, airbags, is_available) VALUES (2,30,'330i M Sport','73000','4709','1828','1435','Mineral Grey Metallic','Black','2023','AUTOMATIC','SEDAN','GAS','4','6',true) ;
INSERT INTO models( series_id, engine_id, name, on_the_road_price, length_mm, width_mm, height_mm, exterior_color, interior_color, release_year, transmission, body_type, fuel, doors, airbags, is_available) VALUES (2,31,'330i M Sport','71800','4709','1828','1435','Black','Brown','2023','MANUAL','SEDAN','GAS','4','6',true) ;
INSERT INTO models( series_id, engine_id, name, on_the_road_price, length_mm, width_mm, height_mm, exterior_color, interior_color, release_year, transmission, body_type, fuel, doors, airbags, is_available) VALUES (2,32,'330i M Sport','73000','4709','1828','1435','Black','Brown','2023','AUTOMATIC','SEDAN','GAS','4','6',true) ;
INSERT INTO models( series_id, engine_id, name, on_the_road_price, length_mm, width_mm, height_mm, exterior_color, interior_color, release_year, transmission, body_type, fuel, doors, airbags, is_available) VALUES (2,33,'330i M Sport','71800','4709','1828','1435','Alpine White','Brown','2023','MANUAL','SEDAN','GAS','4','6',true) ;
INSERT INTO models( series_id, engine_id, name, on_the_road_price, length_mm, width_mm, height_mm, exterior_color, interior_color, release_year, transmission, body_type, fuel, doors, airbags, is_available) VALUES (2,34,'330i M Sport','73000','4709','1828','1435','Alpine White','Brown','2023','AUTOMATIC','SEDAN','GAS','4','6',true) ;
INSERT INTO models( series_id, engine_id, name, on_the_road_price, length_mm, width_mm, height_mm, exterior_color, interior_color, release_year, transmission, body_type, fuel, doors, airbags, is_available) VALUES (2,35,'330i M Sport','71800','4709','1828','1435','Mineral Grey Metallic','Brown','2023','MANUAL','SEDAN','GAS','4','6',true) ;
INSERT INTO models( series_id, engine_id, name, on_the_road_price, length_mm, width_mm, height_mm, exterior_color, interior_color, release_year, transmission, body_type, fuel, doors, airbags, is_available) VALUES (2,36,'330i M Sport','73000','4709','1828','1435','Mineral Grey Metallic','Brown','2023','AUTOMATIC','SEDAN','GAS','4','6',true) ;
INSERT INTO models( series_id, engine_id, name, on_the_road_price, length_mm, width_mm, height_mm, exterior_color, interior_color, release_year, transmission, body_type, fuel, doors, airbags, is_available) VALUES (3,37,'520i M Sport','78450','4963','1886','1479','Black','Black','2023','MANUAL','SEDAN','GAS','4','6',false) ;
INSERT INTO models( series_id, engine_id, name, on_the_road_price, length_mm, width_mm, height_mm, exterior_color, interior_color, release_year, transmission, body_type, fuel, doors, airbags, is_available) VALUES (3,38,'520i M Sport','79650','4963','1886','1479','Black','Black','2023','AUTOMATIC','SEDAN','GAS','4','6',true) ;
INSERT INTO models( series_id, engine_id, name, on_the_road_price, length_mm, width_mm, height_mm, exterior_color, interior_color, release_year, transmission, body_type, fuel, doors, airbags, is_available) VALUES (3,39,'520i M Sport','78450','4963','1886','1479','Alpine White','Black','2023','MANUAL','SEDAN','GAS','4','6',false) ;
INSERT INTO models( series_id, engine_id, name, on_the_road_price, length_mm, width_mm, height_mm, exterior_color, interior_color, release_year, transmission, body_type, fuel, doors, airbags, is_available) VALUES (3,40,'520i M Sport','79650','4963','1886','1479','Alpine White','Black','2023','AUTOMATIC','SEDAN','GAS','4','6',true) ;
INSERT INTO models( series_id, engine_id, name, on_the_road_price, length_mm, width_mm, height_mm, exterior_color, interior_color, release_year, transmission, body_type, fuel, doors, airbags, is_available) VALUES (3,41,'520i M Sport','78450','4963','1886','1479','Mineral Grey Metallic','Black','2023','MANUAL','SEDAN','GAS','4','6',false) ;
INSERT INTO models( series_id, engine_id, name, on_the_road_price, length_mm, width_mm, height_mm, exterior_color, interior_color, release_year, transmission, body_type, fuel, doors, airbags, is_available) VALUES (3,42,'520i M Sport','79650','4963','1886','1479','Mineral Grey Metallic','Black','2023','AUTOMATIC','SEDAN','GAS','4','6',true) ;
INSERT INTO models( series_id, engine_id, name, on_the_road_price, length_mm, width_mm, height_mm, exterior_color, interior_color, release_year, transmission, body_type, fuel, doors, airbags, is_available) VALUES (3,44,'520i M Sport','78450','4963','1886','1479','Black','Brown','2023','MANUAL','SEDAN','GAS','4','6',false) ;
INSERT INTO models( series_id, engine_id, name, on_the_road_price, length_mm, width_mm, height_mm, exterior_color, interior_color, release_year, transmission, body_type, fuel, doors, airbags, is_available) VALUES (3,45,'520i M Sport','79650','4963','1886','1479','Black','Brown','2023','AUTOMATIC','SEDAN','GAS','4','6',true) ;
INSERT INTO models( series_id, engine_id, name, on_the_road_price, length_mm, width_mm, height_mm, exterior_color, interior_color, release_year, transmission, body_type, fuel, doors, airbags, is_available) VALUES (3,46,'520i M Sport','78450','4963','1886','1479','Alpine White','Brown','2023','MANUAL','SEDAN','GAS','4','6',false) ;
INSERT INTO models( series_id, engine_id, name, on_the_road_price, length_mm, width_mm, height_mm, exterior_color, interior_color, release_year, transmission, body_type, fuel, doors, airbags, is_available) VALUES (3,47,'520i M Sport','79650','4963','1886','1479','Alpine White','Brown','2023','AUTOMATIC','SEDAN','GAS','4','6',true) ;
INSERT INTO models( series_id, engine_id, name, on_the_road_price, length_mm, width_mm, height_mm, exterior_color, interior_color, release_year, transmission, body_type, fuel, doors, airbags, is_available) VALUES (3,48,'520i M Sport','78450','4963','1886','1479','Mineral Grey Metallic','Brown','2023','MANUAL','SEDAN','GAS','4','6',false) ;
INSERT INTO models( series_id, engine_id, name, on_the_road_price, length_mm, width_mm, height_mm, exterior_color, interior_color, release_year, transmission, body_type, fuel, doors, airbags, is_available) VALUES (3,49,'520i M Sport','79650','4963','1886','1479','Mineral Grey Metallic','Brown','2023','AUTOMATIC','SEDAN','GAS','4','6',true) ;
INSERT INTO models( series_id, engine_id, name, on_the_road_price, length_mm, width_mm, height_mm, exterior_color, interior_color, release_year, transmission, body_type, fuel, doors, airbags, is_available) VALUES (3,50,'530i Opulence','93900','4963','1886','1479','Black','Black','2023','MANUAL','SEDAN','GAS','4','6',false) ;
INSERT INTO models( series_id, engine_id, name, on_the_road_price, length_mm, width_mm, height_mm, exterior_color, interior_color, release_year, transmission, body_type, fuel, doors, airbags, is_available) VALUES (3,51,'530i Opulence','95100','4963','1886','1479','Black','Black','2023','AUTOMATIC','SEDAN','GAS','4','6',true) ;
INSERT INTO models( series_id, engine_id, name, on_the_road_price, length_mm, width_mm, height_mm, exterior_color, interior_color, release_year, transmission, body_type, fuel, doors, airbags, is_available) VALUES (3,52,'530i Opulence','93900','4963','1886','1479','Alpine White','Black','2023','MANUAL','SEDAN','GAS','4','6',false) ;
INSERT INTO models( series_id, engine_id, name, on_the_road_price, length_mm, width_mm, height_mm, exterior_color, interior_color, release_year, transmission, body_type, fuel, doors, airbags, is_available) VALUES (3,53,'530i Opulence','95100','4963','1886','1479','Alpine White','Black','2023','AUTOMATIC','SEDAN','GAS','4','6',true) ;
INSERT INTO models( series_id, engine_id, name, on_the_road_price, length_mm, width_mm, height_mm, exterior_color, interior_color, release_year, transmission, body_type, fuel, doors, airbags, is_available) VALUES (3,54,'530i Opulence','93900','4963','1886','1479','Mineral Grey Metallic','Black','2023','MANUAL','SEDAN','GAS','4','6',false) ;
INSERT INTO models( series_id, engine_id, name, on_the_road_price, length_mm, width_mm, height_mm, exterior_color, interior_color, release_year, transmission, body_type, fuel, doors, airbags, is_available) VALUES (3,55,'530i Opulence','95100','4963','1886','1479','Mineral Grey Metallic','Black','2023','AUTOMATIC','SEDAN','GAS','4','6',true) ;
INSERT INTO models( series_id, engine_id, name, on_the_road_price, length_mm, width_mm, height_mm, exterior_color, interior_color, release_year, transmission, body_type, fuel, doors, airbags, is_available) VALUES (3,56,'530i Opulence','93900','4963','1886','1479','Black','Brown','2023','MANUAL','SEDAN','GAS','4','6',false) ;
INSERT INTO models( series_id, engine_id, name, on_the_road_price, length_mm, width_mm, height_mm, exterior_color, interior_color, release_year, transmission, body_type, fuel, doors, airbags, is_available) VALUES (3,57,'530i Opulence','95100','4963','1886','1479','Black','Brown','2023','AUTOMATIC','SEDAN','GAS','4','6',true) ;
INSERT INTO models( series_id, engine_id, name, on_the_road_price, length_mm, width_mm, height_mm, exterior_color, interior_color, release_year, transmission, body_type, fuel, doors, airbags, is_available) VALUES (3,58,'530i Opulence','93900','4963','1886','1479','Alpine White','Brown','2023','MANUAL','SEDAN','GAS','4','6',false) ;
INSERT INTO models( series_id, engine_id, name, on_the_road_price, length_mm, width_mm, height_mm, exterior_color, interior_color, release_year, transmission, body_type, fuel, doors, airbags, is_available) VALUES (3,59,'530i Opulence','95100','4963','1886','1479','Alpine White','Brown','2023','AUTOMATIC','SEDAN','GAS','4','6',true) ;
INSERT INTO models( series_id, engine_id, name, on_the_road_price, length_mm, width_mm, height_mm, exterior_color, interior_color, release_year, transmission, body_type, fuel, doors, airbags, is_available) VALUES (3,60,'530i Opulence','93900','4963','1886','1479','Mineral Grey Metallic','Brown','2023','MANUAL','SEDAN','GAS','4','6',false) ;
INSERT INTO models( series_id, engine_id, name, on_the_road_price, length_mm, width_mm, height_mm, exterior_color, interior_color, release_year, transmission, body_type, fuel, doors, airbags, is_available) VALUES (3,61,'530i Opulence','95100','4963','1886','1479','Mineral Grey Metallic','Brown','2023','AUTOMATIC','SEDAN','GAS','4','6',true) ;
INSERT INTO models( series_id, engine_id, name, on_the_road_price, length_mm, width_mm, height_mm, exterior_color, interior_color, release_year, transmission, body_type, fuel, doors, airbags, is_available) VALUES (4,62,'730Li M Sport','139500','5260','1929','1497','Black','Black','2023','MANUAL','SEDAN','GAS','4','6',false) ;
INSERT INTO models( series_id, engine_id, name, on_the_road_price, length_mm, width_mm, height_mm, exterior_color, interior_color, release_year, transmission, body_type, fuel, doors, airbags, is_available) VALUES (4,63,'730Li M Sport','140700','5260','1929','1497','Black','Black','2023','AUTOMATIC','SEDAN','GAS','4','6',true) ;
INSERT INTO models( series_id, engine_id, name, on_the_road_price, length_mm, width_mm, height_mm, exterior_color, interior_color, release_year, transmission, body_type, fuel, doors, airbags, is_available) VALUES (4,64,'730Li M Sport','139500','5260','1929','1497','Alpine White','Black','2023','MANUAL','SEDAN','GAS','4','6',false) ;
INSERT INTO models( series_id, engine_id, name, on_the_road_price, length_mm, width_mm, height_mm, exterior_color, interior_color, release_year, transmission, body_type, fuel, doors, airbags, is_available) VALUES (4,65,'730Li M Sport','140700','5260','1929','1497','Alpine White','Black','2023','AUTOMATIC','SEDAN','GAS','4','6',true) ;
INSERT INTO models( series_id, engine_id, name, on_the_road_price, length_mm, width_mm, height_mm, exterior_color, interior_color, release_year, transmission, body_type, fuel, doors, airbags, is_available) VALUES (4,66,'730Li M Sport','139500','5260','1929','1497','Mineral Grey Metallic','Black','2023','MANUAL','SEDAN','GAS','4','6',false) ;
INSERT INTO models( series_id, engine_id, name, on_the_road_price, length_mm, width_mm, height_mm, exterior_color, interior_color, release_year, transmission, body_type, fuel, doors, airbags, is_available) VALUES (4,67,'730Li M Sport','140700','5260','1929','1497','Mineral Grey Metallic','Black','2023','AUTOMATIC','SEDAN','GAS','4','6',true) ;
INSERT INTO models( series_id, engine_id, name, on_the_road_price, length_mm, width_mm, height_mm, exterior_color, interior_color, release_year, transmission, body_type, fuel, doors, airbags, is_available) VALUES (4,68,'730Li M Sport','139500','5260','1929','1497','Black','Brown','2023','MANUAL','SEDAN','GAS','4','6',false) ;
INSERT INTO models( series_id, engine_id, name, on_the_road_price, length_mm, width_mm, height_mm, exterior_color, interior_color, release_year, transmission, body_type, fuel, doors, airbags, is_available) VALUES (4,69,'730Li M Sport','140700','5260','1929','1497','Black','Brown','2023','AUTOMATIC','SEDAN','GAS','4','6',true) ;
INSERT INTO models( series_id, engine_id, name, on_the_road_price, length_mm, width_mm, height_mm, exterior_color, interior_color, release_year, transmission, body_type, fuel, doors, airbags, is_available) VALUES (4,70,'730Li M Sport','139500','5260','1929','1497','Alpine White','Brown','2023','MANUAL','SEDAN','GAS','4','6',false) ;
INSERT INTO models( series_id, engine_id, name, on_the_road_price, length_mm, width_mm, height_mm, exterior_color, interior_color, release_year, transmission, body_type, fuel, doors, airbags, is_available) VALUES (4,71,'730Li M Sport','140700','5260','1929','1497','Alpine White','Brown','2023','AUTOMATIC','SEDAN','GAS','4','6',true) ;
INSERT INTO models( series_id, engine_id, name, on_the_road_price, length_mm, width_mm, height_mm, exterior_color, interior_color, release_year, transmission, body_type, fuel, doors, airbags, is_available) VALUES (4,72,'730Li M Sport','139500','5260','1929','1497','Mineral Grey Metallic','Brown','2023','MANUAL','SEDAN','GAS','4','6',false) ;
INSERT INTO models( series_id, engine_id, name, on_the_road_price, length_mm, width_mm, height_mm, exterior_color, interior_color, release_year, transmission, body_type, fuel, doors, airbags, is_available) VALUES (4,73,'730Li M Sport','140700','5260','1929','1497','Mineral Grey Metallic','Brown','2023','AUTOMATIC','SEDAN','GAS','4','6',true) ;
INSERT INTO models( series_id, engine_id, name, on_the_road_price, length_mm, width_mm, height_mm, exterior_color, interior_color, release_year, transmission, body_type, fuel, doors, airbags, is_available) VALUES (4,74,'740Li Opulence','166550','5260','1929','1497','Black','Black','2023','MANUAL','SEDAN','GAS','4','6',false) ;
INSERT INTO models( series_id, engine_id, name, on_the_road_price, length_mm, width_mm, height_mm, exterior_color, interior_color, release_year, transmission, body_type, fuel, doors, airbags, is_available) VALUES (4,75,'740Li Opulence','167750','5260','1929','1497','Black','Black','2023','AUTOMATIC','SEDAN','GAS','4','6',true) ;
INSERT INTO models( series_id, engine_id, name, on_the_road_price, length_mm, width_mm, height_mm, exterior_color, interior_color, release_year, transmission, body_type, fuel, doors, airbags, is_available) VALUES (4,76,'740Li Opulence','166550','5260','1929','1497','Alpine White','Black','2023','MANUAL','SEDAN','GAS','4','6',false) ;
INSERT INTO models( series_id, engine_id, name, on_the_road_price, length_mm, width_mm, height_mm, exterior_color, interior_color, release_year, transmission, body_type, fuel, doors, airbags, is_available) VALUES (4,77,'740Li Opulence','167750','5260','1929','1497','Alpine White','Black','2023','AUTOMATIC','SEDAN','GAS','4','6',true) ;
INSERT INTO models( series_id, engine_id, name, on_the_road_price, length_mm, width_mm, height_mm, exterior_color, interior_color, release_year, transmission, body_type, fuel, doors, airbags, is_available) VALUES (4,78,'740Li Opulence','166550','5260','1929','1497','Mineral Grey Metallic','Black','2023','MANUAL','SEDAN','GAS','4','6',false) ;
INSERT INTO models( series_id, engine_id, name, on_the_road_price, length_mm, width_mm, height_mm, exterior_color, interior_color, release_year, transmission, body_type, fuel, doors, airbags, is_available) VALUES (4,79,'740Li Opulence','167750','5260','1929','1497','Mineral Grey Metallic','Black','2023','AUTOMATIC','SEDAN','GAS','4','6',true) ;
INSERT INTO models( series_id, engine_id, name, on_the_road_price, length_mm, width_mm, height_mm, exterior_color, interior_color, release_year, transmission, body_type, fuel, doors, airbags, is_available) VALUES (4,80,'740Li Opulence','166550','5260','1929','1497','Black','Brown','2023','MANUAL','SEDAN','GAS','4','6',false) ;
INSERT INTO models( series_id, engine_id, name, on_the_road_price, length_mm, width_mm, height_mm, exterior_color, interior_color, release_year, transmission, body_type, fuel, doors, airbags, is_available) VALUES (4,81,'740Li Opulence','167750','5260','1929','1497','Black','Brown','2023','AUTOMATIC','SEDAN','GAS','4','6',true) ;
INSERT INTO models( series_id, engine_id, name, on_the_road_price, length_mm, width_mm, height_mm, exterior_color, interior_color, release_year, transmission, body_type, fuel, doors, airbags, is_available) VALUES (4,82,'740Li Opulence','166550','5260','1929','1497','Alpine White','Brown','2023','MANUAL','SEDAN','GAS','4','6',false) ;
INSERT INTO models( series_id, engine_id, name, on_the_road_price, length_mm, width_mm, height_mm, exterior_color, interior_color, release_year, transmission, body_type, fuel, doors, airbags, is_available) VALUES (4,83,'740Li Opulence','167750','5260','1929','1497','Alpine White','Brown','2023','AUTOMATIC','SEDAN','GAS','4','6',true) ;
INSERT INTO models( series_id, engine_id, name, on_the_road_price, length_mm, width_mm, height_mm, exterior_color, interior_color, release_year, transmission, body_type, fuel, doors, airbags, is_available) VALUES (4,84,'740Li Opulence','166550','5260','1929','1497','Mineral Grey Metallic','Brown','2023','MANUAL','SEDAN','GAS','4','6',false) ;
INSERT INTO models( series_id, engine_id, name, on_the_road_price, length_mm, width_mm, height_mm, exterior_color, interior_color, release_year, transmission, body_type, fuel, doors, airbags, is_available) VALUES (4,85,'740Li Opulence','167750','5260','1929','1497','Mineral Grey Metallic','Brown','2023','AUTOMATIC','SEDAN','GAS','4','6',true) ;
INSERT INTO models( series_id, engine_id, name, on_the_road_price, length_mm, width_mm, height_mm, exterior_color, interior_color, release_year, transmission, body_type, fuel, doors, airbags, is_available) VALUES (5,86,'Dummy Tesla Model S-One','83000','4805','1920','1503','Coal Black','Black','2023','AUTOMATIC','SEDAN','ELECTRIC','4','4',true) ;
INSERT INTO models( series_id, engine_id, name, on_the_road_price, length_mm, width_mm, height_mm, exterior_color, interior_color, release_year, transmission, body_type, fuel, doors, airbags, is_available) VALUES (5,87,'Dummy Tesla Model S-One','83000','4805','1920','1503','Bright Red','Black','2023','AUTOMATIC','SEDAN','ELECTRIC','4','4',true) ;
INSERT INTO models( series_id, engine_id, name, on_the_road_price, length_mm, width_mm, height_mm, exterior_color, interior_color, release_year, transmission, body_type, fuel, doors, airbags, is_available) VALUES (5,88,'Dummy Tesla Model S-One','83000','4805','1920','1503','Coal Black','Gray','2023','AUTOMATIC','SEDAN','ELECTRIC','4','4',true) ;
INSERT INTO models( series_id, engine_id, name, on_the_road_price, length_mm, width_mm, height_mm, exterior_color, interior_color, release_year, transmission, body_type, fuel, doors, airbags, is_available) VALUES (5,89,'Dummy Tesla Model S-One','83000','4805','1920','1503','Bright Red','Gray','2023','AUTOMATIC','SEDAN','ELECTRIC','4','4',true) ;
INSERT INTO models( series_id, engine_id, name, on_the_road_price, length_mm, width_mm, height_mm, exterior_color, interior_color, release_year, transmission, body_type, fuel, doors, airbags, is_available) VALUES (5,90,'Dummy Tesla Model S-Two','84500','4805','1920','1503','Coal Black','Black','2023','AUTOMATIC','SEDAN','ELECTRIC','4','4',false) ;
INSERT INTO models( series_id, engine_id, name, on_the_road_price, length_mm, width_mm, height_mm, exterior_color, interior_color, release_year, transmission, body_type, fuel, doors, airbags, is_available) VALUES (5,91,'Dummy Tesla Model S-Two','84500','4805','1920','1503','Bright Red','Black','2023','AUTOMATIC','SEDAN','ELECTRIC','4','4',false) ;
INSERT INTO models( series_id, engine_id, name, on_the_road_price, length_mm, width_mm, height_mm, exterior_color, interior_color, release_year, transmission, body_type, fuel, doors, airbags, is_available) VALUES (5,92,'Dummy Tesla Model S-Two','84500','4805','1920','1503','Coal Black','Gray','2023','AUTOMATIC','SEDAN','ELECTRIC','4','4',false) ;
INSERT INTO models( series_id, engine_id, name, on_the_road_price, length_mm, width_mm, height_mm, exterior_color, interior_color, release_year, transmission, body_type, fuel, doors, airbags, is_available) VALUES (5,93,'Dummy Tesla Model S-Two','84500','4805','1920','1503','Bright Red','Gray','2023','AUTOMATIC','SEDAN','ELECTRIC','4','4',false) ;
INSERT INTO models( series_id, engine_id, name, on_the_road_price, length_mm, width_mm, height_mm, exterior_color, interior_color, release_year, transmission, body_type, fuel, doors, airbags, is_available) VALUES (6,94,'Dummy Tesla Model X-One','84200','4882','1918','1499','Ocean Blue','Black','2023','AUTOMATIC','SEDAN','ELECTRIC','4','4',true) ;
INSERT INTO models( series_id, engine_id, name, on_the_road_price, length_mm, width_mm, height_mm, exterior_color, interior_color, release_year, transmission, body_type, fuel, doors, airbags, is_available) VALUES (6,95,'Dummy Tesla Model X-One','84200','4882','1918','1499','Midnight Black','Black','2023','AUTOMATIC','SEDAN','ELECTRIC','4','4',true) ;
INSERT INTO models( series_id, engine_id, name, on_the_road_price, length_mm, width_mm, height_mm, exterior_color, interior_color, release_year, transmission, body_type, fuel, doors, airbags, is_available) VALUES (6,96,'Dummy Tesla Model X-One','84200','4882','1918','1499','Ocean Blue','Gray','2023','AUTOMATIC','SEDAN','ELECTRIC','4','4',true) ;
INSERT INTO models( series_id, engine_id, name, on_the_road_price, length_mm, width_mm, height_mm, exterior_color, interior_color, release_year, transmission, body_type, fuel, doors, airbags, is_available) VALUES (6,97,'Dummy Tesla Model X-One','84200','4882','1918','1499','Midnight Black','Gray','2023','AUTOMATIC','SEDAN','ELECTRIC','4','4',true) ;
INSERT INTO models( series_id, engine_id, name, on_the_road_price, length_mm, width_mm, height_mm, exterior_color, interior_color, release_year, transmission, body_type, fuel, doors, airbags, is_available) VALUES (7,98,'Dummy Tesla Model Y-One','78200','4815','1900','1498','Ocean Blue','Black','2023','AUTOMATIC','SEDAN','ELECTRIC','4','4',true) ;
INSERT INTO models( series_id, engine_id, name, on_the_road_price, length_mm, width_mm, height_mm, exterior_color, interior_color, release_year, transmission, body_type, fuel, doors, airbags, is_available) VALUES (7,100,'Dummy Tesla Model Y-One','78200','4815','1900','1498','Midnight Black','Black','2023','AUTOMATIC','SEDAN','ELECTRIC','4','4',true) ;
INSERT INTO models( series_id, engine_id, name, on_the_road_price, length_mm, width_mm, height_mm, exterior_color, interior_color, release_year, transmission, body_type, fuel, doors, airbags, is_available) VALUES (7,101,'Dummy Tesla Model Y-One','78200','4815','1900','1498','Ocean Blue','Gray','2023','AUTOMATIC','SEDAN','ELECTRIC','4','4',true) ;
INSERT INTO models( series_id, engine_id, name, on_the_road_price, length_mm, width_mm, height_mm, exterior_color, interior_color, release_year, transmission, body_type, fuel, doors, airbags, is_available) VALUES (7,102,'Dummy Tesla Model Y-One','78200','4815','1900','1498','Midnight Black','Gray','2023','AUTOMATIC','SEDAN','ELECTRIC','4','4',true) ;
INSERT INTO models( series_id, engine_id, name, on_the_road_price, length_mm, width_mm, height_mm, exterior_color, interior_color, release_year, transmission, body_type, fuel, doors, airbags, is_available) VALUES (7,103,'Dummy Tesla Model Y-Three','83200','4815','1900','1498','Ocean Blue','Black','2023','AUTOMATIC','SEDAN','ELECTRIC','4','4',true) ;
INSERT INTO models( series_id, engine_id, name, on_the_road_price, length_mm, width_mm, height_mm, exterior_color, interior_color, release_year, transmission, body_type, fuel, doors, airbags, is_available) VALUES (7,104,'Dummy Tesla Model Y-Three','83200','4815','1900','1498','Midnight Black','Black','2023','AUTOMATIC','SEDAN','ELECTRIC','4','4',true) ;
INSERT INTO models( series_id, engine_id, name, on_the_road_price, length_mm, width_mm, height_mm, exterior_color, interior_color, release_year, transmission, body_type, fuel, doors, airbags, is_available) VALUES (7,105,'Dummy Tesla Model Y-Three','83200','4815','1900','1498','Ocean Blue','Gray','2023','AUTOMATIC','SEDAN','ELECTRIC','4','4',true) ;
INSERT INTO models( series_id, engine_id, name, on_the_road_price, length_mm, width_mm, height_mm, exterior_color, interior_color, release_year, transmission, body_type, fuel, doors, airbags, is_available) VALUES (7,106,'Dummy Tesla Model Y-Three','83200','4815','1900','1498','Midnight Black','Gray','2023','AUTOMATIC','SEDAN','ELECTRIC','4','4',true) ;
INSERT INTO models( series_id, engine_id, name, on_the_road_price, length_mm, width_mm, height_mm, exterior_color, interior_color, release_year, transmission, body_type, fuel, doors, airbags, is_available) VALUES (7,107,'Dummy Tesla Model Y-Two','80350','4815','1900','1498','Ocean Blue','Black','2023','AUTOMATIC','SEDAN','ELECTRIC','4','4',true) ;
INSERT INTO models( series_id, engine_id, name, on_the_road_price, length_mm, width_mm, height_mm, exterior_color, interior_color, release_year, transmission, body_type, fuel, doors, airbags, is_available) VALUES (7,108,'Dummy Tesla Model Y-Two','80350','4815','1900','1498','Midnight Black','Black','2023','AUTOMATIC','SEDAN','ELECTRIC','4','4',true) ;
INSERT INTO models( series_id, engine_id, name, on_the_road_price, length_mm, width_mm, height_mm, exterior_color, interior_color, release_year, transmission, body_type, fuel, doors, airbags, is_available) VALUES (7,109,'Dummy Tesla Model Y-Two','80350','4815','1900','1498','Ocean Blue','Gray','2023','AUTOMATIC','SEDAN','ELECTRIC','4','4',true) ;
INSERT INTO models( series_id, engine_id, name, on_the_road_price, length_mm, width_mm, height_mm, exterior_color, interior_color, release_year, transmission, body_type, fuel, doors, airbags, is_available) VALUES (7,110,'Dummy Tesla Model Y-Two','80350','4815','1900','1498','Midnight Black','Gray','2023','AUTOMATIC','SEDAN','ELECTRIC','4','4',true) ;
INSERT INTO models( series_id, engine_id, name, on_the_road_price, length_mm, width_mm, height_mm, exterior_color, interior_color, release_year, transmission, body_type, fuel, doors, airbags, is_available) VALUES (8,111,'Fortuner 2.4G','36450','4795','1855','1835','Silver Metallic','Black','2023','AUTOMATIC','SUV','GAS','4','4',true) ;
INSERT INTO models( series_id, engine_id, name, on_the_road_price, length_mm, width_mm, height_mm, exterior_color, interior_color, release_year, transmission, body_type, fuel, doors, airbags, is_available) VALUES (8,112,'Fortuner 2.4G','35300','4795','1855','1835','Silver Metallic','Black','2023','MANUAL','SUV','GAS','4','4',true) ;
INSERT INTO models( series_id, engine_id, name, on_the_road_price, length_mm, width_mm, height_mm, exterior_color, interior_color, release_year, transmission, body_type, fuel, doors, airbags, is_available) VALUES (8,113,'Fortuner 2.4G','36450','4795','1855','1835','Super White','Black','2023','AUTOMATIC','SUV','GAS','4','4',true) ;
INSERT INTO models( series_id, engine_id, name, on_the_road_price, length_mm, width_mm, height_mm, exterior_color, interior_color, release_year, transmission, body_type, fuel, doors, airbags, is_available) VALUES (8,114,'Fortuner 2.4G','35300','4795','1855','1835','Super White','Black','2023','MANUAL','SUV','GAS','4','4',true) ;
INSERT INTO models( series_id, engine_id, name, on_the_road_price, length_mm, width_mm, height_mm, exterior_color, interior_color, release_year, transmission, body_type, fuel, doors, airbags, is_available) VALUES (8,115,'Fortuner 2.4G','36450','4795','1855','1835','Attitude Black','Black','2023','AUTOMATIC','SUV','GAS','4','4',true) ;
INSERT INTO models( series_id, engine_id, name, on_the_road_price, length_mm, width_mm, height_mm, exterior_color, interior_color, release_year, transmission, body_type, fuel, doors, airbags, is_available) VALUES (8,116,'Fortuner 2.4G','35300','4795','1855','1835','Attitude Black','Black','2023','MANUAL','SUV','GAS','4','4',true) ;
INSERT INTO models( series_id, engine_id, name, on_the_road_price, length_mm, width_mm, height_mm, exterior_color, interior_color, release_year, transmission, body_type, fuel, doors, airbags, is_available) VALUES (8,117,'Fortuner 2.4G','36450','4795','1855','1835','Silver Metallic','Gray','2023','AUTOMATIC','SUV','GAS','4','4',true) ;
INSERT INTO models( series_id, engine_id, name, on_the_road_price, length_mm, width_mm, height_mm, exterior_color, interior_color, release_year, transmission, body_type, fuel, doors, airbags, is_available) VALUES (8,118,'Fortuner 2.4G','35300','4795','1855','1835','Silver Metallic','Gray','2023','MANUAL','SUV','GAS','4','4',true) ;
INSERT INTO models( series_id, engine_id, name, on_the_road_price, length_mm, width_mm, height_mm, exterior_color, interior_color, release_year, transmission, body_type, fuel, doors, airbags, is_available) VALUES (8,119,'Fortuner 2.4G','36450','4795','1855','1835','Super White','Gray','2023','AUTOMATIC','SUV','GAS','4','4',true) ;
INSERT INTO models( series_id, engine_id, name, on_the_road_price, length_mm, width_mm, height_mm, exterior_color, interior_color, release_year, transmission, body_type, fuel, doors, airbags, is_available) VALUES (8,120,'Fortuner 2.4G','35300','4795','1855','1835','Super White','Gray','2023','MANUAL','SUV','GAS','4','4',true) ;
INSERT INTO models( series_id, engine_id, name, on_the_road_price, length_mm, width_mm, height_mm, exterior_color, interior_color, release_year, transmission, body_type, fuel, doors, airbags, is_available) VALUES (8,121,'Fortuner 2.4G','36450','4795','1855','1835','Attitude Black','Gray','2023','AUTOMATIC','SUV','GAS','4','4',true) ;
INSERT INTO models( series_id, engine_id, name, on_the_road_price, length_mm, width_mm, height_mm, exterior_color, interior_color, release_year, transmission, body_type, fuel, doors, airbags, is_available) VALUES (8,122,'Fortuner 2.4G','35300','4795','1855','1835','Attitude Black','Gray','2023','MANUAL','SUV','GAS','4','4',true) ;
INSERT INTO models( series_id, engine_id, name, on_the_road_price, length_mm, width_mm, height_mm, exterior_color, interior_color, release_year, transmission, body_type, fuel, doors, airbags, is_available) VALUES (8,123,'Fortuner 2.7 GR Sport','37900','4795','1855','1835','Silver Metallic','Black','2023','AUTOMATIC','SUV','GAS','4','4',true) ;
INSERT INTO models( series_id, engine_id, name, on_the_road_price, length_mm, width_mm, height_mm, exterior_color, interior_color, release_year, transmission, body_type, fuel, doors, airbags, is_available) VALUES (8,124,'Fortuner 2.7 GR Sport','37900','4795','1855','1835','Super White','Black','2023','AUTOMATIC','SUV','GAS','4','4',true) ;
INSERT INTO models( series_id, engine_id, name, on_the_road_price, length_mm, width_mm, height_mm, exterior_color, interior_color, release_year, transmission, body_type, fuel, doors, airbags, is_available) VALUES (8,125,'Fortuner 2.7 GR Sport','37900','4795','1855','1835','Attitude Black','Black','2023','AUTOMATIC','SUV','GAS','4','4',true) ;
INSERT INTO models( series_id, engine_id, name, on_the_road_price, length_mm, width_mm, height_mm, exterior_color, interior_color, release_year, transmission, body_type, fuel, doors, airbags, is_available) VALUES (8,127,'Fortuner 2.7 GR Sport','37900','4795','1855','1835','Silver Metallic','Gray','2023','AUTOMATIC','SUV','GAS','4','4',true) ;
INSERT INTO models( series_id, engine_id, name, on_the_road_price, length_mm, width_mm, height_mm, exterior_color, interior_color, release_year, transmission, body_type, fuel, doors, airbags, is_available) VALUES (8,128,'Fortuner 2.7 GR Sport','37900','4795','1855','1835','Super White','Gray','2023','AUTOMATIC','SUV','GAS','4','4',true) ;
INSERT INTO models( series_id, engine_id, name, on_the_road_price, length_mm, width_mm, height_mm, exterior_color, interior_color, release_year, transmission, body_type, fuel, doors, airbags, is_available) VALUES (8,129,'Fortuner 2.7 GR Sport','37900','4795','1855','1835','Attitude Black','Gray','2023','AUTOMATIC','SUV','GAS','4','4',true) ;
INSERT INTO models( series_id, engine_id, name, on_the_road_price, length_mm, width_mm, height_mm, exterior_color, interior_color, release_year, transmission, body_type, fuel, doors, airbags, is_available) VALUES (8,130,'Fortuner 4x2 VRZ AT DSL','39100','4795','1855','1835','Silver Metallic','Black','2023','AUTOMATIC','SUV','GAS','4','4',true) ;
INSERT INTO models( series_id, engine_id, name, on_the_road_price, length_mm, width_mm, height_mm, exterior_color, interior_color, release_year, transmission, body_type, fuel, doors, airbags, is_available) VALUES (8,131,'Fortuner 4x2 VRZ AT DSL','39100','4795','1855','1835','Super White','Black','2023','AUTOMATIC','SUV','GAS','4','4',true) ;
INSERT INTO models( series_id, engine_id, name, on_the_road_price, length_mm, width_mm, height_mm, exterior_color, interior_color, release_year, transmission, body_type, fuel, doors, airbags, is_available) VALUES (8,132,'Fortuner 4x2 VRZ AT DSL','39100','4795','1855','1835','Attitude Black','Black','2023','AUTOMATIC','SUV','GAS','4','4',true) ;
INSERT INTO models( series_id, engine_id, name, on_the_road_price, length_mm, width_mm, height_mm, exterior_color, interior_color, release_year, transmission, body_type, fuel, doors, airbags, is_available) VALUES (8,134,'Fortuner 4x2 VRZ AT DSL','39100','4795','1855','1835','Silver Metallic','Gray','2023','AUTOMATIC','SUV','GAS','4','4',true) ;
INSERT INTO models( series_id, engine_id, name, on_the_road_price, length_mm, width_mm, height_mm, exterior_color, interior_color, release_year, transmission, body_type, fuel, doors, airbags, is_available) VALUES (8,135,'Fortuner 4x2 VRZ AT DSL','39100','4795','1855','1835','Super White','Gray','2023','AUTOMATIC','SUV','GAS','4','4',true) ;
INSERT INTO models( series_id, engine_id, name, on_the_road_price, length_mm, width_mm, height_mm, exterior_color, interior_color, release_year, transmission, body_type, fuel, doors, airbags, is_available) VALUES (8,136,'Fortuner 4x2 VRZ AT DSL','39100','4795','1855','1835','Attitude Black','Gray','2023','AUTOMATIC','SUV','GAS','4','4',true) ;
INSERT INTO models( series_id, engine_id, name, on_the_road_price, length_mm, width_mm, height_mm, exterior_color, interior_color, release_year, transmission, body_type, fuel, doors, airbags, is_available) VALUES (8,137,'Fortuner 4x4 2.8 GR Sport AT DSL','46050','4795','1855','1835','Silver Metallic','Black','2023','AUTOMATIC','SUV','DIESEL','4','4',true) ;
INSERT INTO models( series_id, engine_id, name, on_the_road_price, length_mm, width_mm, height_mm, exterior_color, interior_color, release_year, transmission, body_type, fuel, doors, airbags, is_available) VALUES (8,138,'Fortuner 4x4 2.8 GR Sport AT DSL','46050','4795','1855','1835','Super White','Black','2023','AUTOMATIC','SUV','DIESEL','4','4',true) ;
INSERT INTO models( series_id, engine_id, name, on_the_road_price, length_mm, width_mm, height_mm, exterior_color, interior_color, release_year, transmission, body_type, fuel, doors, airbags, is_available) VALUES (8,139,'Fortuner 4x4 2.8 GR Sport AT DSL','46050','4795','1855','1835','Attitude Black','Black','2023','AUTOMATIC','SUV','DIESEL','4','4',true) ;
INSERT INTO models( series_id, engine_id, name, on_the_road_price, length_mm, width_mm, height_mm, exterior_color, interior_color, release_year, transmission, body_type, fuel, doors, airbags, is_available) VALUES (8,140,'Fortuner 4x4 2.8 GR Sport AT DSL','46050','4795','1855','1835','Silver Metallic','Gray','2023','AUTOMATIC','SUV','DIESEL','4','4',true) ;
INSERT INTO models( series_id, engine_id, name, on_the_road_price, length_mm, width_mm, height_mm, exterior_color, interior_color, release_year, transmission, body_type, fuel, doors, airbags, is_available) VALUES (8,141,'Fortuner 4x4 2.8 GR Sport AT DSL','46050','4795','1855','1835','Super White','Gray','2023','AUTOMATIC','SUV','DIESEL','4','4',true) ;
INSERT INTO models( series_id, engine_id, name, on_the_road_price, length_mm, width_mm, height_mm, exterior_color, interior_color, release_year, transmission, body_type, fuel, doors, airbags, is_available) VALUES (8,142,'Fortuner 4x4 2.8 GR Sport AT DSL','46050','4795','1855','1835','Attitude Black','Gray','2023','AUTOMATIC','SUV','DIESEL','4','4',true) ;
INSERT INTO models( series_id, engine_id, name, on_the_road_price, length_mm, width_mm, height_mm, exterior_color, interior_color, release_year, transmission, body_type, fuel, doors, airbags, is_available) VALUES (9,143,'Hilux Double Cabin 2.4L G 4x4','29700','5265','1800','1795','Attitude Black Metallic','Black','2023','MANUAL','PICKUP','GAS','4','2',true) ;
INSERT INTO models( series_id, engine_id, name, on_the_road_price, length_mm, width_mm, height_mm, exterior_color, interior_color, release_year, transmission, body_type, fuel, doors, airbags, is_available) VALUES (9,144,'Hilux Double Cabin 2.4L G 4x4','27600','5265','1800','1795','Attitude Black Metallic','Black','2023','MANUAL','PICKUP','GAS','4','2',false) ;
INSERT INTO models( series_id, engine_id, name, on_the_road_price, length_mm, width_mm, height_mm, exterior_color, interior_color, release_year, transmission, body_type, fuel, doors, airbags, is_available) VALUES (9,145,'Hilux Double Cabin 2.4L G 4x4','29700','5265','1800','1795','Super White II','Black','2023','MANUAL','PICKUP','GAS','4','2',true) ;
INSERT INTO models( series_id, engine_id, name, on_the_road_price, length_mm, width_mm, height_mm, exterior_color, interior_color, release_year, transmission, body_type, fuel, doors, airbags, is_available) VALUES (9,146,'Hilux Double Cabin 2.4L G 4x4','27600','5265','1800','1795','Super White II','Black','2023','MANUAL','PICKUP','GAS','4','2',false) ;
INSERT INTO models( series_id, engine_id, name, on_the_road_price, length_mm, width_mm, height_mm, exterior_color, interior_color, release_year, transmission, body_type, fuel, doors, airbags, is_available) VALUES (9,147,'New Camry 2.5 HV','56000','4885','1840','1445','Attitude Black','Black','2023','AUTOMATIC','SEDAN','GAS','4','4',true) ;
INSERT INTO models( series_id, engine_id, name, on_the_road_price, length_mm, width_mm, height_mm, exterior_color, interior_color, release_year, transmission, body_type, fuel, doors, airbags, is_available) VALUES (9,148,'New Camry 2.5 HV','56000','4885','1840','1445','Platinum White Pearl','Black','2023','AUTOMATIC','SEDAN','GAS','4','4',true) ;
INSERT INTO models( series_id, engine_id, name, on_the_road_price, length_mm, width_mm, height_mm, exterior_color, interior_color, release_year, transmission, body_type, fuel, doors, airbags, is_available) VALUES (9,149,'New Camry 2.5 HV','56000','4885','1840','1445','Graphite Metallic','Black','2023','AUTOMATIC','SEDAN','GAS','4','4',true) ;
INSERT INTO models( series_id, engine_id, name, on_the_road_price, length_mm, width_mm, height_mm, exterior_color, interior_color, release_year, transmission, body_type, fuel, doors, airbags, is_available) VALUES (9,150,'New Camry 2.5 HV','56000','4885','1840','1445','Attitude Black','Gray','2023','AUTOMATIC','SEDAN','GAS','4','4',true) ;
INSERT INTO models( series_id, engine_id, name, on_the_road_price, length_mm, width_mm, height_mm, exterior_color, interior_color, release_year, transmission, body_type, fuel, doors, airbags, is_available) VALUES (9,151,'New Camry 2.5 HV','56000','4885','1840','1445','Platinum White Pearl','Gray','2023','AUTOMATIC','SEDAN','GAS','4','4',true) ;
INSERT INTO models( series_id, engine_id, name, on_the_road_price, length_mm, width_mm, height_mm, exterior_color, interior_color, release_year, transmission, body_type, fuel, doors, airbags, is_available) VALUES (9,152,'New Camry 2.5 HV','56000','4885','1840','1445','Graphite Metallic','Gray','2023','AUTOMATIC','SEDAN','GAS','4','4',true) ;
INSERT INTO models( series_id, engine_id, name, on_the_road_price, length_mm, width_mm, height_mm, exterior_color, interior_color, release_year, transmission, body_type, fuel, doors, airbags, is_available) VALUES (9,153,'New Camry 2.5 HV','56000','4885','1840','1445','Attitude Black','White','2023','AUTOMATIC','SEDAN','GAS','4','4',true) ;
INSERT INTO models( series_id, engine_id, name, on_the_road_price, length_mm, width_mm, height_mm, exterior_color, interior_color, release_year, transmission, body_type, fuel, doors, airbags, is_available) VALUES (9,154,'New Camry 2.5 HV','56000','4885','1840','1445','Platinum White Pearl','White','2023','AUTOMATIC','SEDAN','GAS','4','4',true) ;
INSERT INTO models( series_id, engine_id, name, on_the_road_price, length_mm, width_mm, height_mm, exterior_color, interior_color, release_year, transmission, body_type, fuel, doors, airbags, is_available) VALUES (9,155,'New Camry 2.5 HV','56000','4885','1840','1445','Graphite Metallic','White','2023','AUTOMATIC','SEDAN','GAS','4','4',true) ;
INSERT INTO models( series_id, engine_id, name, on_the_road_price, length_mm, width_mm, height_mm, exterior_color, interior_color, release_year, transmission, body_type, fuel, doors, airbags, is_available) VALUES (9,156,'New Camry 2.5 V','47500','4885','1840','1445','Attitude Black','Black','2023','AUTOMATIC','SEDAN','GAS','4','4',false) ;
INSERT INTO models( series_id, engine_id, name, on_the_road_price, length_mm, width_mm, height_mm, exterior_color, interior_color, release_year, transmission, body_type, fuel, doors, airbags, is_available) VALUES (9,157,'New Camry 2.5 V','47500','4885','1840','1445','Platinum White Pearl','Black','2023','AUTOMATIC','SEDAN','GAS','4','4',false) ;
INSERT INTO models( series_id, engine_id, name, on_the_road_price, length_mm, width_mm, height_mm, exterior_color, interior_color, release_year, transmission, body_type, fuel, doors, airbags, is_available) VALUES (9,158,'New Camry 2.5 V','47500','4885','1840','1445','Graphite Metallic','Black','2023','AUTOMATIC','SEDAN','GAS','4','4',false) ;
INSERT INTO models( series_id, engine_id, name, on_the_road_price, length_mm, width_mm, height_mm, exterior_color, interior_color, release_year, transmission, body_type, fuel, doors, airbags, is_available) VALUES (9,159,'New Camry 2.5 V','47500','4885','1840','1445','Attitude Black','Gray','2023','AUTOMATIC','SEDAN','GAS','4','4',false) ;
INSERT INTO models( series_id, engine_id, name, on_the_road_price, length_mm, width_mm, height_mm, exterior_color, interior_color, release_year, transmission, body_type, fuel, doors, airbags, is_available) VALUES (9,160,'New Camry 2.5 V','47500','4885','1840','1445','Platinum White Pearl','Gray','2023','AUTOMATIC','SEDAN','GAS','4','4',false) ;

INSERT INTO features( model_id, name, active_by_default, active_by_request, installation_price, is_safety, is_entertainment, is_performance, is_convenience, is_display) VALUES ( 1, 'A dummy feature : NgpNXw', false, true, '194', true, false, false, false, false) ;
INSERT INTO features( model_id, name, active_by_default, active_by_request, installation_price, is_safety, is_entertainment, is_performance, is_convenience, is_display) VALUES ( 1, 'A dummy feature : qjISJO', true, false, '0', false, false, false, false, true) ;
INSERT INTO features( model_id, name, active_by_default, active_by_request, installation_price, is_safety, is_entertainment, is_performance, is_convenience, is_display) VALUES ( 1, 'A dummy feature : UuYwAr', true, false, '0', false, true, false, false, false) ;
INSERT INTO features( model_id, name, active_by_default, active_by_request, installation_price, is_safety, is_entertainment, is_performance, is_convenience, is_display) VALUES ( 2, 'A dummy feature : AkkQny', true, false, '0', true, false, false, false, false) ;
INSERT INTO features( model_id, name, active_by_default, active_by_request, installation_price, is_safety, is_entertainment, is_performance, is_convenience, is_display) VALUES ( 2, 'A dummy feature : jhRclx', false, true, '124', false, false, false, false, true) ;
INSERT INTO features( model_id, name, active_by_default, active_by_request, installation_price, is_safety, is_entertainment, is_performance, is_convenience, is_display) VALUES ( 2, 'A dummy feature : snHLRS', true, false, '0', false, false, true, false, false) ;
INSERT INTO features( model_id, name, active_by_default, active_by_request, installation_price, is_safety, is_entertainment, is_performance, is_convenience, is_display) VALUES ( 3, 'A dummy feature : UyqXFy', false, true, '224', true, false, false, false, false) ;
INSERT INTO features( model_id, name, active_by_default, active_by_request, installation_price, is_safety, is_entertainment, is_performance, is_convenience, is_display) VALUES ( 3, 'A dummy feature : ZTXEnC', false, true, '246', false, false, false, false, true) ;
INSERT INTO features( model_id, name, active_by_default, active_by_request, installation_price, is_safety, is_entertainment, is_performance, is_convenience, is_display) VALUES ( 3, 'A dummy feature : QlHDld', true, false, '0', false, false, true, false, false) ;
INSERT INTO features( model_id, name, active_by_default, active_by_request, installation_price, is_safety, is_entertainment, is_performance, is_convenience, is_display) VALUES ( 4, 'A dummy feature : GXWdnF', false, true, '196', true, false, false, false, false) ;
INSERT INTO features( model_id, name, active_by_default, active_by_request, installation_price, is_safety, is_entertainment, is_performance, is_convenience, is_display) VALUES ( 4, 'A dummy feature : Oawxyi', true, false, '0', false, false, false, false, true) ;
INSERT INTO features( model_id, name, active_by_default, active_by_request, installation_price, is_safety, is_entertainment, is_performance, is_convenience, is_display) VALUES ( 4, 'A dummy feature : rbBnzP', true, false, '0', false, false, true, false, false) ;
INSERT INTO features( model_id, name, active_by_default, active_by_request, installation_price, is_safety, is_entertainment, is_performance, is_convenience, is_display) VALUES ( 5, 'A dummy feature : PvYxes', true, false, '0', true, false, false, false, false) ;
INSERT INTO features( model_id, name, active_by_default, active_by_request, installation_price, is_safety, is_entertainment, is_performance, is_convenience, is_display) VALUES ( 5, 'A dummy feature : fsSNSF', false, true, '76', false, false, false, false, true) ;
INSERT INTO features( model_id, name, active_by_default, active_by_request, installation_price, is_safety, is_entertainment, is_performance, is_convenience, is_display) VALUES ( 5, 'A dummy feature : FFjWsS', true, false, '0', false, true, false, false, false) ;
INSERT INTO features( model_id, name, active_by_default, active_by_request, installation_price, is_safety, is_entertainment, is_performance, is_convenience, is_display) VALUES ( 6, 'A dummy feature : NkYHpu', false, true, '109', true, false, false, false, false) ;
INSERT INTO features( model_id, name, active_by_default, active_by_request, installation_price, is_safety, is_entertainment, is_performance, is_convenience, is_display) VALUES ( 6, 'A dummy feature : UAXHyM', false, true, '97', false, false, false, false, true) ;
INSERT INTO features( model_id, name, active_by_default, active_by_request, installation_price, is_safety, is_entertainment, is_performance, is_convenience, is_display) VALUES ( 6, 'A dummy feature : lJKVfE', true, false, '0', false, true, false, false, false) ;
INSERT INTO features( model_id, name, active_by_default, active_by_request, installation_price, is_safety, is_entertainment, is_performance, is_convenience, is_display) VALUES ( 7, 'A dummy feature : cIkYIx', false, true, '230', true, false, false, false, false) ;
INSERT INTO features( model_id, name, active_by_default, active_by_request, installation_price, is_safety, is_entertainment, is_performance, is_convenience, is_display) VALUES ( 7, 'A dummy feature : ZivIBO', true, false, '0', false, false, false, false, true) ;
INSERT INTO features( model_id, name, active_by_default, active_by_request, installation_price, is_safety, is_entertainment, is_performance, is_convenience, is_display) VALUES ( 7, 'A dummy feature : bmDjOl', false, true, '213', false, true, false, false, false) ;
INSERT INTO features( model_id, name, active_by_default, active_by_request, installation_price, is_safety, is_entertainment, is_performance, is_convenience, is_display) VALUES ( 8, 'A dummy feature : ARmLIO', false, true, '75', true, false, false, false, false) ;
INSERT INTO features( model_id, name, active_by_default, active_by_request, installation_price, is_safety, is_entertainment, is_performance, is_convenience, is_display) VALUES ( 8, 'A dummy feature : BRhkQf', false, true, '144', false, false, false, false, true) ;
INSERT INTO features( model_id, name, active_by_default, active_by_request, installation_price, is_safety, is_entertainment, is_performance, is_convenience, is_display) VALUES ( 8, 'A dummy feature : CLbwqy', true, false, '0', false, true, false, false, false) ;
INSERT INTO features( model_id, name, active_by_default, active_by_request, installation_price, is_safety, is_entertainment, is_performance, is_convenience, is_display) VALUES ( 9, 'A dummy feature : BZosjx', true, false, '0', true, false, false, false, false) ;
INSERT INTO features( model_id, name, active_by_default, active_by_request, installation_price, is_safety, is_entertainment, is_performance, is_convenience, is_display) VALUES ( 9, 'A dummy feature : bvadBI', true, false, '0', false, false, false, false, true) ;
INSERT INTO features( model_id, name, active_by_default, active_by_request, installation_price, is_safety, is_entertainment, is_performance, is_convenience, is_display) VALUES ( 9, 'A dummy feature : xmQkfp', false, true, '130', false, true, false, false, false) ;
INSERT INTO features( model_id, name, active_by_default, active_by_request, installation_price, is_safety, is_entertainment, is_performance, is_convenience, is_display) VALUES ( 10, 'A dummy feature : ijgxRR', true, false, '0', true, false, false, false, false) ;
INSERT INTO features( model_id, name, active_by_default, active_by_request, installation_price, is_safety, is_entertainment, is_performance, is_convenience, is_display) VALUES ( 10, 'A dummy feature : kTXIzZ', false, true, '171', false, false, false, false, true) ;
INSERT INTO features( model_id, name, active_by_default, active_by_request, installation_price, is_safety, is_entertainment, is_performance, is_convenience, is_display) VALUES ( 10, 'A dummy feature : GWkVNN', false, true, '133', false, true, false, false, false) ;